{"cameraMode":{"drawMode":0,"name":"Shaded","section":"Shading Mode"},"sceneLighting":true,"audioPlay":false,"sceneViewState":{"m_AlwaysRefresh":false,"showFog":true,"showSkybox":true,"showFlares":true,"showImageEffects":true,"showParticleSystems":true,"showVisualEffectGraphs":true,"m_FxEnabled":true},"in2DMode":false,"pivot":{"x":214.63839721679688,"y":39.680763244628909,"z":-224.84832763671876},"rotation":{"x":0.026015903800725938,"y":0.9302965402603149,"z":-0.127164825797081,"w":0.3473427891731262},"size":4.277849197387695,"orthographic":false}