{"cameraMode":{"drawMode":0,"name":"Shaded","section":"Shading Mode"},"sceneLighting":true,"audioPlay":false,"sceneViewState":{"m_AlwaysRefresh":false,"showFog":true,"showSkybox":true,"showFlares":true,"showImageEffects":true,"showParticleSystems":true,"showVisualEffectGraphs":true,"m_FxEnabled":true},"in2DMode":false,"pivot":{"x":33.237815856933597,"y":10.511723518371582,"z":-12.18431568145752},"rotation":{"x":0.22415758669376374,"y":0.2951577603816986,"z":-0.08336912840604782,"w":0.9264644384384155},"size":0.9427869319915772,"orthographic":false}