{"cameraMode":{"drawMode":0,"name":"Shaded","section":"Shading Mode"},"sceneLighting":true,"audioPlay":false,"sceneViewState":{"m_AlwaysRefresh":false,"showFog":true,"showSkybox":true,"showFlares":true,"showImageEffects":true,"showParticleSystems":true,"showVisualEffectGraphs":true,"m_FxEnabled":true},"in2DMode":false,"pivot":{"x":-17.764053344726564,"y":5.655313491821289,"z":38.79958724975586},"rotation":{"x":0.022210033610463144,"y":-0.9570460915565491,"z":0.29414376616477969,"w":-0.012494559399783612},"size":7.229753494262695,"orthographic":false}