{"cameraMode":{"drawMode":0,"name":"Shaded","section":"Shading Mode"},"sceneLighting":true,"audioPlay":false,"sceneViewState":{"m_AlwaysRefresh":false,"showFog":true,"showSkybox":true,"showFlares":true,"showImageEffects":true,"showParticleSystems":true,"showVisualEffectGraphs":true,"m_FxEnabled":true},"in2DMode":false,"pivot":{"x":25.03472900390625,"y":20.618759155273439,"z":-25.652292251586915},"rotation":{"x":0.019687021151185037,"y":0.543300211429596,"z":-0.05176912248134613,"w":0.8400824666023254},"size":1.571831464767456,"orthographic":false}