{"cameraMode":{"drawMode":0,"name":"Shaded","section":"Shading Mode"},"sceneLighting":false,"audioPlay":false,"sceneViewState":{"m_AlwaysRefresh":false,"showFog":true,"showSkybox":false,"showFlares":true,"showImageEffects":true,"showParticleSystems":true,"showVisualEffectGraphs":true,"m_FxEnabled":true},"in2DMode":false,"pivot":{"x":71.98765563964844,"y":-13.295713424682618,"z":-0.17414581775665284},"rotation":{"x":0.17450910806655885,"y":0.5947853922843933,"z":-0.14577597379684449,"w":0.7727271318435669},"size":2.2000956535339357,"orthographic":false}