{"cameraMode":{"drawMode":0,"name":"Shaded","section":"Shading Mode"},"sceneLighting":false,"audioPlay":false,"sceneViewState":{"m_AlwaysRefresh":false,"showFog":true,"showSkybox":false,"showFlares":true,"showImageEffects":true,"showParticleSystems":true,"showVisualEffectGraphs":true,"m_FxEnabled":true},"in2DMode":false,"pivot":{"x":-0.10399854183197022,"y":2.7599997520446779,"z":7.700900077819824},"rotation":{"x":-0.10685764253139496,"y":-0.8876774907112122,"z":0.26107552647590639,"w":-0.36469247937202456},"size":1.8859251737594605,"orthographic":false}