{"cameraMode":{"drawMode":0,"name":"Shaded","section":"Shading Mode"},"sceneLighting":false,"audioPlay":false,"sceneViewState":{"m_AlwaysRefresh":false,"showFog":true,"showSkybox":false,"showFlares":true,"showImageEffects":true,"showParticleSystems":true,"showVisualEffectGraphs":true,"m_FxEnabled":true},"in2DMode":false,"pivot":{"x":0.269416481256485,"y":6.315282821655273,"z":3.839371681213379},"rotation":{"x":-0.18289436399936677,"y":0.017183108255267144,"z":-0.002823335351422429,"w":-0.9832672476768494},"size":0.6859251260757446,"orthographic":false}